comuni,CODISTAT_comune,popolazione,societa_di_regolamentazione_dei_rifiuti,tipo_ubicazione,altri_rifiuti_differenziati,ingombranti,cartone,frazione_organica_umida,legno,metallo,plastica,rifiuti_apparecchiature_elettriche_ed_elettroniche,raccolta_selettiva,tessili,vetro,costruzione_e_demolizione,pulizia_stradale,riciclo_annuale_tonnellate,rifiuti_totali_annuale_tonnellate,raccolta_comunale,extra_discarica_municipale
Acate,088001,10581,RAGUSA PROVINCIA,COSTIERO,0,24,407,1469,33,0,323,9,2,25,275,0,107,621,3295,3313,18
Aci Bonaccorsi,087001,3525,CATANIA AREA METROPOLITANA,INTERNO,0,104,185,821,46,0,167,6,1,5,157,24,37,357,1909,2123,213
Aci Castello,087002,17975,CATANIA AREA METROPOLITANA,COSTIERO,0,38,721,2815,149,52,593,32,5,26,668,53,65,2058,7275,7277,3
Aci Catena,087003,28124,CATANIA AREA METROPOLITANA,INTERNO,4,157,846,2675,239,15,604,25,2,28,665,156,43,5077,10536,10572,37
Aci Sant'Antonio,087005,18058,CATANIA AREA METROPOLITANA,INTERNO,10,106,753,2182,140,3,605,18,0,13,360,82,26,3368,7665,7665,0
Acireale,087004,50735,CATANIA PROVINCIA NORD,COSTIERO,3,77,2066,6831,334,85,1683,36,4,122,1505,190,1139,9633,23708,25142,1434
Acquaviva Platani,085001,891,CALTANISSETTA PROVINCIA NORD,INTERNO,3,43,34,230,0,0,29,0,0,0,31,0,0,168,538,538,0
Acquedolci,083107,5494,MESSINA PROVINCIA,COSTIERO,0,56,250,682,1,0,204,9,2,10,264,0,0,322,1799,1804,5
Adrano,087006,34110,CATANIA PROVINCIA NORD,INTERNO,9,86,1241,3554,181,13,969,55,0,11,822,71,211,3186,10409,10411,2
Agira,086001,7726,ENNA PROVINCIA,INTERNO,0,130,354,913,0,0,222,17,2,6,276,0,0,829,2749,2766,17
Agrigento,084001,55849,AGRIGENTO PROVINCIA EST,COSTIERO,2457,2133,3545,8097,0,32,282,68,4,15,2091,0,589,8054,27368,27393,25
Aidone,086002,4284,ENNA PROVINCIA,INTERNO,0,37,110,422,0,0,103,31,0,6,127,0,0,448,1284,1284,0
Alcamo,081001,44719,TRAPANI PROVINCIA NORD,COSTIERO,15,257,2106,6589,720,215,1233,147,3,141,1145,722,239,5983,19516,19653,137
Alcara li Fusi,083001,1742,MESSINA PROVINCIA,INTERNO,0,6,46,141,0,0,41,6,0,7,77,0,0,85,408,409,2
Alessandria della Rocca,084002,2521,AGRIGENTO PROVINCIA OVEST,INTERNO,0,8,69,309,0,5,38,2,0,0,63,0,0,295,788,788,0
Alia,082001,3367,PALERMO PROVINCIA EST,INTERNO,233,22,84,281,0,0,34,2,0,0,53,0,0,312,1023,1024,1
Alimena,082002,1773,PALERMO PROVINCIA EST,INTERNO,24,15,74,218,0,3,23,3,0,0,75,0,0,195,631,632,1
Aliminusa,082003,1089,PALERMO PROVINCIA EST,INTERNO,0,2,28,130,1,0,23,1,0,2,17,0,0,98,301,301,0
Altavilla Milicia,082004,8500,PALERMO PROVINCIA EST,COSTIERO,41,197,212,778,0,0,124,21,2,13,170,0,0,1604,3162,3162,0
Altofonte,082005,9903,PALERMO AREA METROPOLITANA,INTERNO,1,29,233,695,2,27,180,16,2,5,143,1,0,534,1868,1869,1
Alì,083002,685,MESSINA AREA METROPOLITANA,INTERNO,12,4,12,43,0,0,0,0,0,0,15,0,0,37,124,124,0
Alì Terme,083003,2369,MESSINA AREA METROPOLITANA,COSTIERO,100,49,111,340,0,0,0,0,1,6,82,0,0,257,946,950,4
Antillo,083004,840,MESSINA AREA METROPOLITANA,INTERNO,24,10,19,71,0,0,0,0,0,8,19,0,0,47,197,197,0
Aragona,084003,8860,AGRIGENTO PROVINCIA EST,INTERNO,345,62,432,1238,0,0,0,12,1,13,287,0,0,973,3364,3364,0
Assoro,086003,4868,ENNA PROVINCIA,INTERNO,0,37,180,407,0,0,106,5,0,5,211,0,0,432,1384,1389,4
Augusta,089001,34715,SIRACUSA PROVINCIA,COSTIERO,959,184,1186,3176,402,17,83,60,5,65,846,176,0,14324,21482,21507,25
Avola,089002,30474,SIRACUSA PROVINCIA,COSTIERO,39,375,1883,4337,762,68,1651,212,8,43,793,472,181,4604,15426,15426,0
Bagheria,082006,53221,PALERMO AREA METROPOLITANA,COSTIERO,101,418,3007,11944,681,0,1432,92,6,17,1440,5,0,6884,26025,26025,0
Balestrate,082007,6239,PALERMO AREA METROPOLITANA,COSTIERO,108,18,346,1168,20,0,301,18,2,48,335,0,33,430,2827,2827,0
Barcellona Pozzo di Gotto,083005,40029,MESSINA AREA METROPOLITANA,COSTIERO,21,275,1767,2902,359,129,861,220,17,64,843,0,632,8772,16863,16898,35
Barrafranca,086004,12000,ENNA PROVINCIA,INTERNO,0,35,284,1034,0,24,367,11,0,16,314,0,0,1727,3811,3815,5
Basicò,083006,532,MESSINA PROVINCIA,INTERNO,25,4,23,43,4,0,4,1,0,0,29,0,0,118,251,251,0
Baucina,082008,1875,PALERMO PROVINCIA EST,INTERNO,0,5,55,210,16,4,56,14,0,8,46,0,0,167,581,581,0
Belmonte Mezzagno,082009,10948,PALERMO AREA METROPOLITANA,INTERNO,0,20,346,1107,12,1,256,10,0,6,222,0,38,960,2978,2978,0
Belpasso,087007,27851,CATANIA AREA METROPOLITANA,INTERNO,921,215,1482,3278,175,2,143,4,3,37,638,231,174,3075,10378,10378,0
Biancavilla,087008,23031,CATANIA AREA METROPOLITANA,INTERNO,613,77,882,2808,87,4,263,49,0,15,587,7,0,1529,6921,6922,1
Bisacquino,082010,4190,PALERMO PROVINCIA OVEST,INTERNO,0,33,154,443,45,0,97,33,1,1,147,0,0,406,1359,1382,23
Bivona,084004,3257,AGRIGENTO PROVINCIA OVEST,INTERNO,10,31,112,438,47,10,58,18,1,7,118,12,0,386,1249,1257,8
Blufi,082082,893,PALERMO PROVINCIA EST,INTERNO,20,0,41,138,0,0,13,0,0,0,36,0,0,124,373,373,0
Bolognetta,082011,4097,PALERMO PROVINCIA OVEST,INTERNO,0,9,183,375,13,0,132,6,1,7,129,0,0,326,1181,1182,1
Bompensiere,085002,513,CALTANISSETTA PROVINCIA NORD,INTERNO,0,13,18,61,0,0,22,0,0,1,22,0,0,48,186,186,0
Bompietro,082012,1224,PALERMO PROVINCIA EST,INTERNO,16,3,40,106,0,0,13,0,0,0,34,0,0,146,359,359,0
Borgetto,082013,7134,PALERMO AREA METROPOLITANA,INTERNO,0,12,211,907,71,0,269,15,0,23,197,0,54,663,2422,2422,0
Brolo,083007,5753,MESSINA PROVINCIA,COSTIERO,222,41,368,822,65,24,7,70,3,19,226,0,45,725,2637,2639,2
Bronte,087009,18307,CATANIA PROVINCIA NORD,INTERNO,554,76,982,1626,141,7,142,69,1,18,518,0,203,2192,6528,6528,0
Buccheri,089003,1765,SIRACUSA PROVINCIA,INTERNO,0,38,58,216,18,7,51,0,0,11,65,0,0,195,659,662,3
Burgio,084005,2509,AGRIGENTO PROVINCIA OVEST,INTERNO,89,0,73,324,43,6,25,23,7,40,66,0,0,199,896,898,1
Buscemi,089004,968,SIRACUSA PROVINCIA,INTERNO,0,2,29,102,7,0,26,2,0,7,31,0,0,100,307,309,2
Buseto Palizzolo,081002,2805,TRAPANI PROVINCIA NORD,INTERNO,0,7,101,432,4,0,106,10,1,10,91,0,0,123,884,886,2
Butera,085003,4199,CALTANISSETTA PROVINCIA SUD,COSTIERO,204,21,191,660,0,0,0,4,0,15,141,0,0,289,1524,1524,0
Caccamo,082014,7747,PALERMO PROVINCIA EST,INTERNO,2,318,306,948,0,5,210,57,1,15,182,0,0,799,2842,2854,12
Calamonaci,084006,1184,AGRIGENTO PROVINCIA OVEST,INTERNO,53,0,39,188,31,10,10,14,3,21,44,0,0,66,480,481,1
Calascibetta,086005,4166,ENNA PROVINCIA,INTERNO,3,26,119,264,14,1,84,10,1,16,101,0,0,597,1234,1238,5
Calatabiano,087010,5167,CATANIA PROVINCIA NORD,COSTIERO,0,44,125,271,0,12,101,0,0,0,149,0,0,1437,2139,2139,0
Calatafimi-Segesta,081003,6243,TRAPANI PROVINCIA NORD,INTERNO,1,18,276,780,16,5,236,27,2,24,218,0,0,561,2163,2171,7
Caltabellotta,084007,3238,AGRIGENTO PROVINCIA OVEST,INTERNO,201,139,0,377,20,0,0,14,1,5,53,0,0,387,1198,1200,2
Caltagirone,087011,36058,CATANIA PROVINCIA SUD,INTERNO,1077,289,1431,4530,70,41,26,147,5,33,939,58,568,4593,13808,13809,1
Caltanissetta,085004,59245,CALTANISSETTA PROVINCIA NORD,INTERNO,4,1633,2771,6543,819,0,1405,130,16,164,1662,175,484,10469,26274,26300,27
Caltavuturo,082015,3612,PALERMO PROVINCIA EST,INTERNO,36,11,102,372,0,0,23,11,1,0,89,0,0,503,1147,1150,3
Camastra,084008,1947,AGRIGENTO PROVINCIA EST,INTERNO,73,0,35,9,0,0,0,0,0,9,66,0,0,115,306,306,0
Cammarata,084009,5920,AGRIGENTO PROVINCIA EST,INTERNO,0,138,294,794,0,23,152,0,0,13,252,0,0,676,2341,2341,0
Campobello di Licata,084010,9175,AGRIGENTO PROVINCIA EST,INTERNO,2,25,309,900,45,42,325,32,2,13,327,0,241,1191,3454,3454,0
Campobello di Mazara,081004,11463,TRAPANI PROVINCIA SUD,COSTIERO,2,40,425,1742,70,0,416,44,2,0,430,0,0,1358,4529,4549,20
Campofelice di Fitalia,082016,467,PALERMO PROVINCIA EST,INTERNO,0,0,9,38,0,0,8,0,0,0,8,0,0,32,96,96,0
Campofelice di Roccella,082017,7605,PALERMO PROVINCIA EST,COSTIERO,4,120,311,1687,141,0,159,33,2,14,489,149,0,2253,5361,5759,398
Campofiorito,082018,1179,PALERMO PROVINCIA OVEST,INTERNO,28,7,34,126,0,0,39,0,0,0,0,0,0,55,289,289,0
Campofranco,085005,2716,CALTANISSETTA PROVINCIA NORD,INTERNO,0,67,90,284,0,0,70,6,1,1,111,0,0,247,878,878,0
Camporeale,082019,3015,PALERMO PROVINCIA OVEST,INTERNO,7,13,113,344,6,0,109,5,1,0,91,0,0,164,853,853,0
Camporotondo Etneo,087012,5213,CATANIA AREA METROPOLITANA,INTERNO,190,15,191,758,171,0,12,11,0,0,114,197,86,397,2141,2141,0
Canicattini Bagni,089005,6619,SIRACUSA PROVINCIA,INTERNO,0,77,314,567,93,30,207,33,0,4,275,0,0,825,2425,2433,8
Canicattì,084011,34588,AGRIGENTO PROVINCIA EST,INTERNO,974,84,1428,3122,4,0,359,47,4,43,724,0,0,6927,13715,13727,12
Capaci,082020,11333,PALERMO AREA METROPOLITANA,COSTIERO,94,19,349,1154,178,142,280,42,2,16,367,19,0,1296,3957,3961,4
Capizzi,083008,2888,MESSINA PROVINCIA,INTERNO,0,8,61,195,16,0,58,7,0,0,82,0,0,296,724,724,0
Capo d'Orlando,083009,13102,MESSINA PROVINCIA,COSTIERO,0,265,1241,2034,25,76,580,72,7,30,706,0,0,1417,6454,6475,21
Capri Leone,083010,4354,MESSINA PROVINCIA,INTERNO,0,70,220,564,2,0,165,0,0,0,215,0,0,243,1479,1479,0
Carini,082021,39275,PALERMO AREA METROPOLITANA,COSTIERO,20,142,1691,6610,761,34,1310,157,9,43,1405,341,427,4829,17778,17870,92
Carlentini,089006,17160,SIRACUSA PROVINCIA,COSTIERO,0,94,736,4090,176,23,403,70,1,94,323,434,0,3118,9561,9585,24
Caronia,083011,3093,MESSINA PROVINCIA,COSTIERO,166,38,78,2986,0,0,42,6,1,7,120,0,0,355,3799,3801,2
Casalvecchio Siculo,083012,735,MESSINA AREA METROPOLITANA,INTERNO,20,6,16,61,0,1,0,0,0,0,22,0,0,50,175,176,1
Cassaro,089007,725,SIRACUSA PROVINCIA,INTERNO,42,0,0,0,0,0,0,1,0,0,24,0,0,152,219,230,11
Castel di Iudica,087013,4309,CATANIA PROVINCIA SUD,INTERNO,192,7,127,510,0,0,0,5,0,7,110,0,10,369,1337,1337,0
Castel di Lucio,083013,1184,MESSINA PROVINCIA,INTERNO,33,5,29,121,0,0,3,2,0,9,44,0,0,27,273,281,8
Castelbuono,082022,8219,PALERMO PROVINCIA EST,INTERNO,0,54,414,832,80,0,179,35,3,33,407,15,0,840,2892,2894,1
Casteldaccia,082023,11643,PALERMO AREA METROPOLITANA,COSTIERO,0,106,436,1315,10,0,340,13,0,30,399,0,0,1486,4135,4135,1
Castell'Umberto,083014,2878,MESSINA PROVINCIA,INTERNO,0,13,63,241,6,0,67,6,0,3,116,1,1,202,719,739,20
Castellammare del Golfo,081005,14636,TRAPANI PROVINCIA NORD,COSTIERO,3,169,860,2875,238,29,728,151,13,55,1009,48,259,1546,7983,7991,8
Castellana Sicula,082024,3089,PALERMO PROVINCIA EST,INTERNO,54,22,107,395,0,14,26,31,1,0,115,0,0,391,1156,1157,1
Castelmola,083015,1062,MESSINA AREA METROPOLITANA,INTERNO,37,15,34,98,0,0,0,1,0,0,61,0,0,152,399,399,0
Casteltermini,084012,7384,AGRIGENTO PROVINCIA EST,INTERNO,0,107,209,1246,0,0,183,28,2,23,274,0,99,643,2813,2818,5
Castelvetrano,081006,29592,TRAPANI PROVINCIA SUD,COSTIERO,1437,267,2143,4883,473,64,1452,220,2,117,0,132,653,2275,14119,14211,92
Castiglione di Sicilia,087014,2930,CATANIA PROVINCIA NORD,INTERNO,0,33,102,341,0,0,110,4,0,17,158,0,0,326,1092,1092,0
Castrofilippo,084013,2645,AGRIGENTO PROVINCIA EST,INTERNO,114,77,131,294,0,0,0,4,0,2,104,0,110,391,1227,1230,3
Castronovo di Sicilia,082025,2865,PALERMO PROVINCIA OVEST,INTERNO,90,75,55,379,0,0,40,11,1,0,64,0,9,383,1109,1109,0
Castroreale,083016,2244,MESSINA AREA METROPOLITANA,INTERNO,51,5,47,221,0,0,0,6,0,0,55,0,0,190,575,577,3
Catania,087015,301104,CATANIA AREA METROPOLITANA,COSTIERO,5112,2088,11546,15783,2931,135,759,398,14,92,3708,2331,3305,136902,185104,185477,373
Catenanuova,086006,4546,ENNA PROVINCIA,INTERNO,0,19,186,505,32,9,156,36,1,18,167,0,0,424,1552,1552,0
Cattolica Eraclea,084014,3325,AGRIGENTO PROVINCIA OVEST,COSTIERO,131,20,133,502,59,0,122,0,0,16,6,0,0,446,1436,1436,0
Cefalù,082027,13958,PALERMO PROVINCIA EST,COSTIERO,1126,107,698,2402,278,27,340,106,3,25,1016,0,130,3882,10141,10141,0
Cefal… Diana,082026,987,PALERMO PROVINCIA EST,INTERNO,0,4,33,107,0,0,36,1,0,0,30,0,0,103,313,313,0
Centuripe,086007,5129,ENNA PROVINCIA,INTERNO,0,13,157,417,50,5,85,25,5,9,88,0,0,809,1661,1661,0
Cerami,086008,1867,ENNA PROVINCIA,INTERNO,0,31,61,223,0,0,79,0,0,4,64,0,0,60,522,522,0
Cerda,082028,4942,PALERMO PROVINCIA EST,INTERNO,0,46,172,620,21,1,150,30,1,2,137,0,0,436,1614,1616,2
Cesarò,083017,2204,MESSINA PROVINCIA,INTERNO,0,4,55,131,0,0,39,1,0,2,53,0,0,364,649,650,1
Chiaramonte Gulfi,088002,8024,RAGUSA PROVINCIA,INTERNO,316,46,311,910,29,0,0,2,2,5,242,0,9,764,2636,2645,9
Chiusa Sclafani,082029,2577,PALERMO PROVINCIA OVEST,INTERNO,0,0,103,334,11,0,73,1,1,0,63,0,0,265,850,850,0
Cianciana,084015,3159,AGRIGENTO PROVINCIA OVEST,INTERNO,0,45,97,337,0,31,71,20,0,0,96,0,0,481,1179,1187,8
Ciminna,082030,3466,PALERMO PROVINCIA EST,INTERNO,5,0,124,374,0,3,105,16,8,0,101,0,0,338,1073,1073,0
Cinisi,082031,11941,PALERMO AREA METROPOLITANA,COSTIERO,50,13,558,1821,202,43,547,85,2,28,539,0,32,726,4647,4647,0
Collesano,082032,3691,PALERMO PROVINCIA EST,INTERNO,0,35,112,386,0,2,76,20,1,5,129,0,0,368,1134,1138,4
Comiso,088003,30073,RAGUSA PROVINCIA,INTERNO,4,103,1374,4516,258,112,867,114,9,29,737,47,301,3409,11879,12048,169
Comitini,084016,896,AGRIGENTO PROVINCIA EST,INTERNO,29,0,28,113,0,0,0,4,0,9,25,0,0,102,309,310,1
Condrò,083018,464,MESSINA AREA METROPOLITANA,INTERNO,10,3,9,45,0,0,0,2,0,0,14,0,0,72,155,155,0
Contessa Entellina,082033,1529,PALERMO PROVINCIA OVEST,INTERNO,0,0,30,166,3,0,27,3,0,0,54,0,0,121,404,404,0
Corleone,082034,10493,PALERMO PROVINCIA OVEST,INTERNO,9,52,449,1239,0,0,321,27,2,0,276,0,0,973,3349,3349,0
Custonaci,081007,5306,TRAPANI PROVINCIA NORD,COSTIERO,3,34,254,834,45,12,187,49,2,6,244,0,4,687,2361,2367,6
Delia,085006,3903,CALTANISSETTA PROVINCIA SUD,INTERNO,0,15,150,454,0,0,141,6,1,9,188,0,0,303,1267,1267,0
Enna,086009,25815,ENNA PROVINCIA,INTERNO,3,67,1612,3097,294,91,776,203,12,58,781,217,243,3463,10918,10918,0
Erice,081008,26435,TRAPANI PROVINCIA NORD,COSTIERO,527,414,1236,3685,336,44,832,121,4,41,897,154,433,3509,12234,12257,23
Falcone,083019,2785,MESSINA PROVINCIA,COSTIERO,83,52,133,398,22,0,12,0,2,0,108,0,0,497,1306,1311,4
Favara,084017,31913,AGRIGENTO PROVINCIA EST,INTERNO,69,474,1000,2026,0,18,1034,88,22,92,806,0,210,6985,12823,12836,12
Favignana,081009,4468,TRAPANI PROVINCIA NORD,ISOLE,7,0,361,1065,172,66,340,100,0,13,647,44,0,584,3399,3403,4
Ferla,089008,2325,SIRACUSA PROVINCIA,INTERNO,0,12,98,265,0,12,71,3,0,12,108,0,0,186,768,768,0
Ficarazzi,082035,12899,PALERMO AREA METROPOLITANA,COSTIERO,0,145,367,656,0,0,248,9,3,7,219,0,0,1490,3144,3144,0
Ficarra,083020,1316,MESSINA PROVINCIA,INTERNO,0,35,29,149,0,0,35,4,0,7,59,0,0,100,417,418,1
Fiumedinisi,083021,1288,MESSINA AREA METROPOLITANA,INTERNO,34,8,34,95,0,0,0,0,0,5,31,0,0,76,282,283,1
Fiumefreddo di Sicilia,087016,9128,CATANIA PROVINCIA NORD,COSTIERO,0,12,331,814,34,0,173,0,0,21,218,0,0,1949,3553,3557,4
Floresta,083022,470,MESSINA PROVINCIA,INTERNO,23,9,14,30,0,0,16,0,0,0,23,0,0,121,237,237,0
Floridia,089009,21471,SIRACUSA PROVINCIA,INTERNO,0,48,785,2806,186,96,879,88,4,69,634,0,0,1829,7423,7445,22
Fondachelli-Fantina,083023,943,MESSINA PROVINCIA,INTERNO,22,12,18,26,5,0,2,1,0,0,18,0,0,135,240,240,0
Forza d'Agrò,083024,848,MESSINA AREA METROPOLITANA,COSTIERO,37,9,37,178,0,0,0,0,0,0,47,0,0,105,412,412,0
Francavilla di Sicilia,083025,3591,MESSINA PROVINCIA,INTERNO,174,10,163,375,26,46,1,6,2,25,103,0,0,335,1266,1274,9
Francofonte,089010,11888,SIRACUSA PROVINCIA,INTERNO,10,23,280,822,100,0,230,3,1,18,255,0,0,2185,3928,3929,2
Frazzanò,083026,594,MESSINA PROVINCIA,INTERNO,0,4,11,36,0,0,10,0,0,0,30,0,0,59,150,150,0
Furci Siculo,083027,3221,MESSINA AREA METROPOLITANA,COSTIERO,124,92,134,380,30,0,0,0,2,0,100,0,0,324,1186,1193,6
Furnari,083028,3851,MESSINA AREA METROPOLITANA,COSTIERO,244,145,275,925,51,0,0,4,1,4,129,0,0,435,2213,2244,31
Gaggi,083029,3116,MESSINA AREA METROPOLITANA,INTERNO,64,8,84,278,0,0,1,2,1,3,87,0,0,472,998,998,0
Gagliano Castelferrato,086010,3344,ENNA PROVINCIA,INTERNO,0,20,117,254,7,0,86,7,0,0,98,0,0,371,960,960,0
Galati Mamertino,083030,2328,MESSINA PROVINCIA,INTERNO,0,14,76,226,1,0,69,6,0,6,115,0,0,124,639,639,0
Gallodoro,083031,336,MESSINA AREA METROPOLITANA,INTERNO,12,16,12,30,0,0,0,0,0,0,13,0,0,52,134,134,0
Gangi,082036,6179,PALERMO PROVINCIA EST,INTERNO,85,14,244,641,43,102,79,37,1,0,177,0,0,596,2018,2018,0
Gela,085007,71937,CALTANISSETTA PROVINCIA SUD,COSTIERO,2347,172,2848,7709,15,0,0,34,10,39,1420,0,287,11704,26585,26586,1
Geraci Siculo,082037,1720,PALERMO PROVINCIA EST,INTERNO,10,0,46,167,0,0,15,0,0,0,37,0,0,177,452,452,0
Giardinello,082038,2293,PALERMO AREA METROPOLITANA,INTERNO,0,2,105,235,3,0,71,0,1,14,73,0,0,86,591,591,0
Giardini-Naxos,083032,9148,MESSINA AREA METROPOLITANA,COSTIERO,0,99,456,1212,0,0,290,5,0,0,427,0,0,3687,6177,6177,0
Giarratana,088004,2803,RAGUSA PROVINCIA,INTERNO,2,36,149,380,85,9,82,5,0,2,77,0,0,246,1071,1080,9
Giarre,087017,26685,CATANIA PROVINCIA NORD,INTERNO,22,179,904,2489,141,0,714,55,3,0,592,96,0,6795,11990,11991,1
Gibellina,081010,3801,TRAPANI PROVINCIA SUD,INTERNO,0,12,166,700,18,7,103,7,1,12,124,0,0,430,1580,1588,8
Gioiosa Marea,083033,6737,MESSINA PROVINCIA,COSTIERO,232,72,264,1027,8,4,0,0,2,16,229,0,15,980,2846,2847,1
Giuliana,082039,1731,PALERMO PROVINCIA OVEST,INTERNO,208,6,0,209,0,5,1,4,0,0,3,0,0,63,498,498,0
Godrano,082040,1063,PALERMO PROVINCIA OVEST,INTERNO,0,4,35,123,0,0,31,0,0,0,38,0,0,117,347,347,0
Grammichele,087018,12566,CATANIA PROVINCIA SUD,INTERNO,485,263,474,1856,12,34,28,141,2,21,340,44,122,988,4810,4826,17
Graniti,083034,1449,MESSINA PROVINCIA,INTERNO,19,7,19,0,0,0,4,1,0,0,28,0,0,433,512,512,0
Gratteri,082041,873,PALERMO PROVINCIA EST,INTERNO,0,7,17,90,0,2,17,1,0,4,32,0,0,76,245,248,3
Gravina di Catania,087019,25156,CATANIA AREA METROPOLITANA,INTERNO,801,0,1009,2631,102,0,1,11,3,36,598,1323,172,3819,10506,10506,0
Grotte,084018,5298,AGRIGENTO PROVINCIA EST,INTERNO,188,82,205,621,0,0,0,8,4,44,180,51,50,366,1799,1799,0
Gualtieri Sicaminò,083035,1591,MESSINA AREA METROPOLITANA,INTERNO,43,17,45,215,16,1,1,27,0,0,58,0,0,116,539,542,4
Isnello,082042,1334,PALERMO PROVINCIA EST,INTERNO,0,6,34,151,0,0,26,7,1,3,56,0,0,110,393,394,1
Isola delle Femmine,082043,7084,PALERMO AREA METROPOLITANA,COSTIERO,0,18,284,707,39,0,158,10,0,10,325,0,50,1871,3472,3473,1
Ispica,088005,16187,RAGUSA PROVINCIA,COSTIERO,595,302,850,1827,257,58,46,163,3,29,583,426,36,2502,7676,7686,11
Itala,083036,1495,MESSINA AREA METROPOLITANA,COSTIERO,52,17,63,159,0,0,0,6,0,0,55,0,0,231,584,586,1
Joppolo Giancaxio,084019,1084,AGRIGENTO PROVINCIA EST,INTERNO,23,0,35,173,0,2,9,2,0,2,33,0,0,106,385,385,0
Lampedusa e Linosa,084020,6462,AGRIGENTO PROVINCIA EST,ISOLE,28,658,509,543,12,20,415,74,0,0,754,0,0,2628,5639,5639,0
Lascari,082044,3674,PALERMO PROVINCIA EST,COSTIERO,0,92,194,681,0,0,78,0,2,13,334,0,0,521,1914,1918,4
Leni,083037,681,ISOLE EOLIE,ISOLE,0,3,15,0,0,0,13,10,0,0,46,0,0,170,258,258,0
Lentini,089011,21926,SIRACUSA PROVINCIA,INTERNO,481,32,473,1296,214,0,24,32,1,1,251,95,0,5098,7998,8509,510
Leonforte,086011,12513,ENNA PROVINCIA,INTERNO,0,30,426,1167,71,25,281,50,0,6,532,0,0,1194,3783,3785,2
Lercara Friddi,082045,6329,PALERMO PROVINCIA OVEST,INTERNO,0,17,323,842,0,0,269,15,2,41,192,0,57,578,2336,2336,0
Letojanni,083038,2808,MESSINA AREA METROPOLITANA,COSTIERO,117,23,134,537,3,0,0,0,0,0,192,0,0,923,1930,1931,1
Librizzi,083039,1584,MESSINA PROVINCIA,INTERNO,44,13,55,143,3,0,3,3,0,0,61,0,0,168,493,494,2
Licata,084021,34619,AGRIGENTO PROVINCIA EST,COSTIERO,301,184,1135,3575,0,21,504,0,3,71,733,0,210,9779,16519,16519,0
Licodia Eubea,087020,2762,CATANIA PROVINCIA SUD,INTERNO,86,14,75,410,0,0,0,5,1,6,73,0,34,174,877,877,0
Limina,083040,738,MESSINA AREA METROPOLITANA,INTERNO,0,7,16,4,0,0,18,0,0,0,19,0,0,130,194,194,0
Linguaglossa,087021,4995,CATANIA PROVINCIA NORD,INTERNO,0,18,221,691,0,1,190,17,0,14,252,0,0,640,2045,2048,3
Lipari,083041,12508,ISOLE EOLIE,ISOLE,21,92,781,1179,188,96,547,192,1,0,898,5,0,4715,8714,8714,0
Longi,083042,1350,MESSINA PROVINCIA,INTERNO,0,5,49,143,0,0,43,6,0,10,79,0,0,26,363,363,1
Lucca Sicula,084022,1733,AGRIGENTO PROVINCIA OVEST,INTERNO,64,0,44,188,9,10,14,15,6,18,60,0,0,73,500,502,1
Maletto,087022,3598,CATANIA PROVINCIA NORD,INTERNO,0,132,126,479,0,96,75,0,1,0,136,0,0,552,1597,1597,0
Malfa,083043,978,ISOLE EOLIE,ISOLE,0,0,59,48,8,6,38,3,0,0,107,0,0,242,512,512,0
Malvagna,083044,639,MESSINA PROVINCIA,INTERNO,0,0,8,0,0,0,14,0,0,0,11,0,0,154,188,188,0
Mandanici,083045,531,MESSINA AREA METROPOLITANA,INTERNO,20,11,18,74,0,0,0,1,0,0,18,0,0,34,175,175,0
Maniace,087057,3768,CATANIA PROVINCIA NORD,INTERNO,0,5,98,95,0,0,74,2,0,4,91,0,0,561,930,949,19
Marianopoli,085008,1642,CALTANISSETTA PROVINCIA NORD,INTERNO,0,24,44,216,0,0,40,0,0,1,55,0,0,101,481,481,0
Marineo,082046,6214,PALERMO PROVINCIA OVEST,INTERNO,4,0,250,684,30,28,194,18,2,31,160,0,0,395,1794,1795,0
Marsala,081011,80474,TRAPANI PROVINCIA NORD,COSTIERO,29,403,3579,11824,630,98,3314,594,23,279,3085,488,0,6895,31240,31353,113
Mascali,087023,14287,CATANIA PROVINCIA NORD,COSTIERO,487,0,507,1813,82,8,13,20,2,0,362,0,0,1877,5170,5170,0
Mascalucia,087024,31998,CATANIA AREA METROPOLITANA,INTERNO,1508,475,1374,5441,406,13,381,87,3,31,90,327,535,3376,14049,14120,70
Mazara del Vallo,081012,50312,TRAPANI PROVINCIA SUD,COSTIERO,6785,214,1587,7919,532,66,109,300,142,89,1261,387,297,2869,22557,22758,200
Mazzarino,085009,11086,CALTANISSETTA PROVINCIA SUD,INTERNO,337,92,389,1191,0,6,0,0,0,0,350,0,0,1113,3478,3478,0
Mazzarrone,087056,3955,CATANIA PROVINCIA SUD,INTERNO,187,10,127,658,0,0,0,4,0,4,115,0,47,304,1457,1457,0
Mazzarr… Sant'Andrea,083046,1400,MESSINA PROVINCIA,INTERNO,0,18,40,192,0,0,39,0,0,1,43,0,0,89,422,425,3
Melilli,089012,13227,SIRACUSA PROVINCIA,COSTIERO,559,57,466,1676,175,0,36,12,2,30,414,450,18,1550,5445,5456,11
Menfi,084023,11929,AGRIGENTO PROVINCIA OVEST,COSTIERO,356,2,443,1732,262,24,145,84,2,132,521,120,0,1814,5638,5638,0
Merì,083047,2322,MESSINA AREA METROPOLITANA,INTERNO,40,0,63,197,0,0,0,5,0,0,49,0,0,327,682,686,4
Messina,083048,221246,MESSINA AREA METROPOLITANA,COSTIERO,6256,2218,11723,22345,2010,269,331,713,115,351,6583,382,93,46573,99963,100025,62
Mezzojuso,082047,2682,PALERMO PROVINCIA EST,INTERNO,0,0,45,242,0,0,45,0,1,5,48,0,0,257,642,645,2
Milazzo,083049,30397,MESSINA AREA METROPOLITANA,COSTIERO,986,237,1634,4904,30,0,16,50,9,88,1131,0,335,5043,14463,14522,60
Milena,085010,2731,CALTANISSETTA PROVINCIA NORD,INTERNO,0,33,112,308,0,0,112,0,0,1,109,0,0,212,888,888,0
Militello Rosmarino,083050,1174,MESSINA PROVINCIA,INTERNO,0,5,27,86,0,0,38,3,0,7,46,0,0,90,301,304,2
Militello in Val di Catania,087025,6796,CATANIA PROVINCIA SUD,INTERNO,189,27,219,915,49,8,5,27,1,19,180,0,38,687,2364,2367,4
Milo,087026,1038,CATANIA AREA METROPOLITANA,INTERNO,92,4,33,226,11,0,63,2,0,5,3,0,0,102,542,542,0
Mineo,087027,4607,CATANIA PROVINCIA SUD,INTERNO,128,14,136,576,0,0,0,5,1,14,129,23,16,362,1404,1407,3
Mirabella Imbaccari,087028,4280,CATANIA PROVINCIA SUD,INTERNO,184,12,154,760,0,0,0,5,1,11,149,0,6,453,1736,1737,1
Mirto,083051,906,MESSINA PROVINCIA,INTERNO,0,8,42,124,0,0,38,3,0,7,61,0,0,22,305,305,0
Misiliscemi,081025,8415,TRAPANI PROVINCIA SUD,INTERNO,0,0,0,0,0,0,0,0,0,0,0,0,0,0,0,0,0
Misilmeri,082048,28894,PALERMO PROVINCIA OVEST,INTERNO,11,105,1189,3984,329,24,881,87,4,32,831,0,0,1887,9365,9437,72
Misterbianco,087029,49294,CATANIA AREA METROPOLITANA,INTERNO,1548,79,3400,4345,1014,26,279,151,5,37,934,759,321,6971,19868,20495,626
Mistretta,083052,4388,MESSINA PROVINCIA,INTERNO,0,86,169,470,0,0,106,16,0,9,197,0,0,397,1450,1453,4
Modica,088006,53554,RAGUSA PROVINCIA,COSTIERO,2211,194,2905,7041,355,35,206,217,59,165,1675,67,155,7427,22713,22766,54
Moio Alcantara,083053,685,MESSINA PROVINCIA,INTERNO,0,5,14,0,0,0,13,0,0,0,19,0,0,159,210,210,0
Monforte San Giorgio,083054,2547,MESSINA AREA METROPOLITANA,INTERNO,47,10,63,81,0,0,0,9,0,0,66,0,0,854,1129,1142,13
Mongiuffi Melia,083055,537,MESSINA AREA METROPOLITANA,INTERNO,13,7,15,41,0,0,0,0,0,0,15,0,0,70,161,161,0
Monreale,082049,38665,PALERMO PROVINCIA OVEST,INTERNO,2,327,1026,2719,0,0,663,89,2,39,752,0,0,2127,7745,7862,117
Montagnareale,083056,1419,MESSINA PROVINCIA,INTERNO,45,3,46,62,0,0,2,0,0,0,54,0,0,415,628,628,1
Montalbano Elicona,083057,2021,MESSINA PROVINCIA,INTERNO,70,4,54,196,0,1,0,3,0,8,79,0,0,206,622,624,2
Montallegro,084024,2394,AGRIGENTO PROVINCIA EST,COSTIERO,97,18,111,269,0,0,0,0,0,7,100,0,0,448,1052,1053,1
Montedoro,085011,1419,CALTANISSETTA PROVINCIA NORD,INTERNO,0,23,58,181,0,0,58,0,0,1,58,0,0,89,468,468,0
Montelepre,082050,5857,PALERMO AREA METROPOLITANA,INTERNO,5,58,211,677,86,0,222,40,2,6,206,0,27,263,1802,1825,24
Montemaggiore Belsito,082051,2990,PALERMO PROVINCIA EST,INTERNO,0,39,86,292,29,6,49,22,0,2,69,0,0,316,909,929,20
Monterosso Almo,088007,2821,RAGUSA PROVINCIA,INTERNO,6,21,173,477,81,1,65,7,0,3,79,0,0,188,1101,1103,2
Montevago,084025,2743,AGRIGENTO PROVINCIA OVEST,INTERNO,120,0,104,369,15,0,6,9,0,15,76,36,0,201,950,953,3
Motta Camastra,083058,811,MESSINA PROVINCIA,INTERNO,11,4,8,1,0,0,0,1,0,0,22,0,0,271,317,317,0
Motta Sant'Anastasia,087030,12054,CATANIA AREA METROPOLITANA,INTERNO,394,67,486,1488,111,0,38,9,1,6,253,411,125,1102,4490,4543,52
Motta d'Affermo,083059,672,MESSINA PROVINCIA,COSTIERO,16,5,19,70,0,0,2,0,0,2,16,0,0,35,166,167,0
Mussomeli,085012,10011,CALTANISSETTA PROVINCIA NORD,INTERNO,0,213,355,1655,30,0,217,24,1,0,323,7,0,1145,3971,3971,0
Naro,084026,7051,AGRIGENTO PROVINCIA EST,INTERNO,0,41,223,719,0,15,244,3,1,26,177,0,63,811,2325,2328,3
Naso,083060,3513,MESSINA PROVINCIA,COSTIERO,2,17,140,377,5,0,177,8,1,24,167,3,0,168,1089,1136,47
Nicolosi,087031,7596,CATANIA AREA METROPOLITANA,INTERNO,0,27,470,1648,167,27,352,17,0,15,356,272,102,1104,4558,4558,0
Nicosia,086012,12877,ENNA PROVINCIA,INTERNO,4,27,528,1204,27,9,329,55,1,8,382,0,0,1286,3860,3862,1
Niscemi,085013,25179,CALTANISSETTA PROVINCIA SUD,INTERNO,3,52,659,2278,299,36,488,170,1,30,628,0,71,5228,9943,10018,75
Nissoria,086013,2861,ENNA PROVINCIA,INTERNO,0,8,106,279,14,0,79,8,0,8,150,0,0,348,1000,1003,3
Nizza di Sicilia,083061,3543,MESSINA AREA METROPOLITANA,COSTIERO,104,43,149,453,0,0,0,0,1,0,112,0,0,450,1312,1312,0
Noto,089013,23905,SIRACUSA PROVINCIA,COSTIERO,3,317,874,2315,303,53,692,80,3,10,744,368,0,6907,12670,12686,17
Novara di Sicilia,083062,1186,MESSINA PROVINCIA,INTERNO,42,23,45,171,0,0,0,0,0,0,44,0,0,153,477,479,2
Oliveri,083063,2048,MESSINA PROVINCIA,COSTIERO,100,83,103,457,31,0,0,4,1,6,136,0,0,456,1378,1383,5
Pace del Mela,083064,6011,MESSINA AREA METROPOLITANA,COSTIERO,209,33,273,742,27,2,8,22,0,9,158,0,0,848,2332,2346,14
Paceco,081013,10896,TRAPANI PROVINCIA NORD,INTERNO,0,57,391,1610,41,2,348,49,5,89,357,9,56,554,3569,3585,16
Pachino,089014,21678,SIRACUSA PROVINCIA,COSTIERO,0,120,1001,2666,133,6,650,34,3,25,820,0,195,4108,9761,9764,3
Pagliara,083065,1135,MESSINA AREA METROPOLITANA,INTERNO,32,5,26,108,0,0,0,2,0,0,28,0,0,44,245,247,1
Palagonia,087032,15802,CATANIA PROVINCIA SUD,INTERNO,525,107,516,1892,9,0,10,3,3,29,380,0,127,1462,5064,5064,0
Palazzo Adriano,082052,1849,PALERMO PROVINCIA OVEST,INTERNO,1,4,53,179,2,6,49,5,0,0,52,0,0,193,545,545,0
Palazzolo Acreide,089015,8233,SIRACUSA PROVINCIA,INTERNO,4,53,362,813,99,0,283,48,1,23,287,0,0,1314,3286,3464,178
Palermo,082053,635439,PALERMO AREA METROPOLITANA,COSTIERO,4803,10195,15851,18042,349,68,209,1859,97,185,6246,657,0,301776,360336,360633,297
Palma di Montechiaro,084027,21509,AGRIGENTO PROVINCIA EST,COSTIERO,39,81,147,0,0,0,15,7,2,10,204,0,0,8601,9104,9104,0
Pantelleria,081014,7407,TRAPANI PROVINCIA NORD,ISOLE,9,59,552,1008,154,113,418,144,21,30,686,86,0,818,4099,4120,21
Partanna,081015,9932,TRAPANI PROVINCIA SUD,INTERNO,0,10,549,1269,104,54,366,137,2,76,336,33,0,686,3622,3627,5
Partinico,082054,30844,PALERMO AREA METROPOLITANA,INTERNO,4,111,1115,3966,280,81,1158,94,1,147,967,21,422,2641,11009,11018,9
Paternò,087033,45539,CATANIA AREA METROPOLITANA,INTERNO,1911,130,1773,4908,495,4,139,108,2,0,605,2392,344,5739,18550,18557,7
Patti,083066,12802,MESSINA PROVINCIA,COSTIERO,618,135,609,2059,57,0,0,1,0,0,400,0,0,1690,5569,5575,5
Pedara,087034,14915,CATANIA AREA METROPOLITANA,INTERNO,520,50,603,2657,97,0,16,14,1,4,423,67,171,1182,5803,5803,0
Petralia Soprana,082055,2992,PALERMO PROVINCIA EST,INTERNO,25,0,107,274,0,0,27,0,1,0,87,0,0,405,925,925,0
Petralia Sottana,082056,2492,PALERMO PROVINCIA EST,INTERNO,55,16,95,273,22,5,43,30,0,0,96,0,0,340,977,983,6
Petrosino,081024,7962,TRAPANI PROVINCIA SUD,COSTIERO,83,12,290,1610,26,9,301,51,1,19,298,0,0,592,3292,3304,12
Pettineo,083067,1235,MESSINA PROVINCIA,INTERNO,35,5,24,107,0,0,3,2,0,4,59,0,0,49,289,297,7
Piana degli Albanesi,082057,5703,PALERMO PROVINCIA OVEST,INTERNO,2,20,291,678,87,0,182,20,2,16,211,0,0,267,1777,1777,0
Piazza Armerina,086014,20733,CALTANISSETTA PROVINCIA SUD,INTERNO,0,122,741,2068,147,3,601,120,0,28,762,0,0,2652,7245,7262,17
Piedimonte Etneo,087035,3926,CATANIA PROVINCIA NORD,INTERNO,0,9,161,499,23,0,114,9,0,15,160,0,0,488,1479,1479,0
Pietraperzia,086015,6387,ENNA PROVINCIA,INTERNO,0,79,148,114,0,0,139,33,0,0,225,0,0,1479,2218,2221,3
Piraino,083068,3798,MESSINA PROVINCIA,COSTIERO,29,19,197,549,1,0,129,10,1,9,171,0,0,388,1503,1504,2
Poggioreale,081016,1353,TRAPANI PROVINCIA SUD,INTERNO,29,0,43,175,6,0,33,2,0,5,6,3,0,95,397,399,2
Polizzi Generosa,082058,2975,PALERMO PROVINCIA EST,INTERNO,48,19,91,336,0,0,28,6,1,0,75,0,0,536,1139,1145,6
Pollina,082059,2854,PALERMO PROVINCIA EST,COSTIERO,99,80,136,492,29,1,0,14,1,2,163,0,13,439,1469,1470,1
Porto Empedocle,084028,15661,AGRIGENTO PROVINCIA EST,COSTIERO,534,142,532,1819,28,0,49,9,0,0,491,0,111,2902,6618,6618,0
Portopalo di Capo Passero,089020,3798,SIRACUSA PROVINCIA,COSTIERO,1,48,191,722,0,0,202,7,2,0,220,0,0,556,1948,1975,26
Pozzallo,088008,18997,RAGUSA PROVINCIA,COSTIERO,699,341,849,2087,1,17,0,34,1,10,663,0,289,2464,7457,7502,45
Priolo Gargallo,089021,11453,SIRACUSA PROVINCIA,COSTIERO,319,26,414,1091,138,0,13,13,0,4,276,0,0,3405,5699,5699,0
Prizzi,082060,4264,PALERMO PROVINCIA OVEST,INTERNO,0,23,158,502,0,7,119,33,1,0,172,0,0,200,1214,1214,0
Racalmuto,084029,7645,AGRIGENTO PROVINCIA EST,INTERNO,267,0,324,796,25,0,55,23,1,44,249,0,86,963,2835,2839,5
Raccuja,083069,889,MESSINA PROVINCIA,INTERNO,1,7,21,78,0,0,22,1,0,0,45,0,0,66,241,242,1
Raddusa,087036,2848,CATANIA PROVINCIA SUD,INTERNO,113,9,72,369,0,0,0,3,0,8,77,0,0,283,934,934,0
Raffadali,084030,12184,AGRIGENTO PROVINCIA EST,INTERNO,1,125,530,1295,23,25,476,53,1,24,275,0,43,1475,4346,4353,7
Ragalna,087058,4184,CATANIA AREA METROPOLITANA,INTERNO,0,6,155,534,43,0,129,3,0,0,126,0,0,597,1592,1592,0
Ragusa,088009,72779,RAGUSA PROVINCIA,COSTIERO,2819,286,4370,12559,749,64,144,172,13,141,2526,400,79,10300,34622,34644,23
Ramacca,087037,10344,CATANIA PROVINCIA SUD,INTERNO,388,24,376,1397,0,0,0,11,2,9,242,0,128,1034,3612,3614,2
Randazzo,087038,10313,CATANIA PROVINCIA NORD,INTERNO,0,198,461,974,1,40,230,23,1,15,340,0,0,1662,3945,3945,0
Ravanusa,084031,10500,AGRIGENTO PROVINCIA EST,INTERNO,332,30,361,0,0,0,0,0,4,9,249,13,117,2786,3900,4075,175
Realmonte,084032,4384,AGRIGENTO PROVINCIA EST,COSTIERO,170,60,239,772,2,0,0,7,0,8,128,0,115,992,2491,2491,0
Regalbuto,086016,6743,ENNA PROVINCIA,INTERNO,0,11,321,572,77,16,161,51,10,13,211,0,0,911,2354,2354,0
Reitano,083070,733,MESSINA PROVINCIA,COSTIERO,100,20,27,174,0,0,14,0,0,0,55,0,0,181,571,571,0
Resuttano,085014,1767,CALTANISSETTA PROVINCIA NORD,INTERNO,0,31,49,183,0,0,61,1,0,1,65,0,0,142,532,532,0
Ribera,084033,17986,AGRIGENTO PROVINCIA OVEST,COSTIERO,6,136,785,2635,108,88,603,92,25,12,452,13,0,2500,7455,7510,55
Riesi,085015,10631,CALTANISSETTA PROVINCIA SUD,INTERNO,274,33,293,1054,0,0,0,8,1,4,300,0,34,1640,3641,3650,10
Riposto,087039,14078,CATANIA PROVINCIA NORD,COSTIERO,188,150,776,1342,8,25,342,60,1,0,301,10,163,4210,7578,7621,43
Roccafiorita,083071,182,MESSINA AREA METROPOLITANA,INTERNO,0,0,3,20,0,0,4,0,0,4,3,0,0,13,47,47,0
Roccalumera,083072,3914,MESSINA AREA METROPOLITANA,COSTIERO,184,129,219,637,68,0,1,18,7,16,158,62,0,606,2105,2111,6
Roccamena,082061,1394,PALERMO PROVINCIA OVEST,INTERNO,0,8,44,171,0,0,38,4,0,6,43,0,0,74,388,388,0
Roccapalumba,082062,2264,PALERMO PROVINCIA OVEST,INTERNO,64,37,61,177,0,0,55,3,1,0,84,0,0,262,745,745,0
Roccavaldina,083073,1006,MESSINA AREA METROPOLITANA,INTERNO,20,9,17,30,0,0,0,3,0,0,24,0,0,317,421,424,3
Roccella Valdemone,083074,567,MESSINA PROVINCIA,INTERNO,0,9,12,8,0,0,10,0,0,0,15,0,0,149,203,203,0
Rod Milici,083075,1947,MESSINA PROVINCIA,INTERNO,48,10,53,215,0,0,0,6,0,0,56,0,0,237,625,625,0
Rometta,083076,6529,MESSINA AREA METROPOLITANA,COSTIERO,0,114,230,1081,29,0,192,14,2,16,185,0,0,371,2233,2238,5
Rosolini,089016,20639,SIRACUSA PROVINCIA,INTERNO,762,153,843,2259,166,0,0,80,2,21,523,0,0,2112,6920,6943,22
Salaparuta,081017,1595,TRAPANI PROVINCIA SUD,INTERNO,35,0,67,172,11,0,38,1,0,5,5,7,0,126,469,470,2
Salemi,081018,10082,TRAPANI PROVINCIA SUD,INTERNO,329,57,442,1131,65,14,116,83,4,59,291,56,14,631,3291,3297,6
Sambuca di Sicilia,084034,5418,AGRIGENTO PROVINCIA OVEST,INTERNO,0,39,266,642,87,4,265,22,2,13,203,0,0,344,1885,1885,0
San Biagio Platani,084035,2919,AGRIGENTO PROVINCIA OVEST,INTERNO,0,103,88,344,0,13,78,20,4,6,91,0,0,355,1102,1103,1
San Cataldo,085016,21212,CALTANISSETTA PROVINCIA NORD,INTERNO,645,318,833,2258,0,0,8,66,6,54,592,9,144,2157,7088,7090,2
San Cipirello,082063,4998,PALERMO PROVINCIA OVEST,INTERNO,131,9,233,620,0,0,174,10,0,0,179,4,0,182,1542,1546,3
San Cono,087040,2440,CATANIA PROVINCIA SUD,INTERNO,104,9,63,339,0,0,0,4,1,9,82,0,21,158,790,790,0
San Filippo del Mela,083077,6791,MESSINA AREA METROPOLITANA,COSTIERO,185,15,274,732,0,2,0,10,1,0,163,0,27,1199,2608,2622,14
San Fratello,083078,3323,MESSINA PROVINCIA,INTERNO,98,26,94,278,0,0,0,0,0,0,107,0,0,198,801,802,1
San Giovanni Gemini,084036,7604,AGRIGENTO PROVINCIA EST,INTERNO,0,157,280,776,0,30,158,95,1,14,228,0,0,675,2414,2416,2
San Giovanni la Punta,087041,23649,CATANIA AREA METROPOLITANA,INTERNO,400,74,1650,3103,59,3,241,18,0,35,480,71,71,5295,11500,11550,49
San Giuseppe Jato,082064,8204,PALERMO PROVINCIA OVEST,INTERNO,174,28,342,995,0,0,219,9,2,11,260,0,23,187,2249,2251,2
San Gregorio di Catania,087042,11487,CATANIA AREA METROPOLITANA,INTERNO,342,14,454,1673,27,2,6,24,3,0,379,1065,226,1623,5835,5835,0
San Marco d'Alunzio,083079,1812,MESSINA PROVINCIA,INTERNO,6,13,69,151,0,0,49,3,0,0,80,0,0,138,507,538,30
San Mauro Castelverde,082065,1384,PALERMO PROVINCIA EST,COSTIERO,16,8,25,134,0,0,6,0,0,0,30,0,0,207,425,425,0
San Michele di Ganzaria,087043,2922,CATANIA PROVINCIA SUD,INTERNO,124,11,82,497,0,0,0,6,0,11,109,0,29,197,1068,1068,0
San Pier Niceto,083080,2632,MESSINA AREA METROPOLITANA,COSTIERO,61,11,54,384,0,0,1,8,1,4,63,0,0,550,1136,1140,5
San Piero Patti,083081,2612,MESSINA PROVINCIA,INTERNO,82,44,80,375,34,4,0,7,0,0,89,0,6,432,1153,1160,7
San Pietro Clarenza,087044,8229,CATANIA AREA METROPOLITANA,INTERNO,240,29,378,1317,144,0,57,25,1,16,187,207,58,686,3345,3358,13
San Salvatore di Fitalia,083082,1150,MESSINA PROVINCIA,INTERNO,0,0,30,122,0,0,31,0,0,8,43,0,0,57,291,293,2
San Teodoro,083090,1244,MESSINA PROVINCIA,INTERNO,0,0,54,127,0,46,32,0,0,4,53,0,0,74,392,393,1
San Vito Lo Capo,081020,4820,TRAPANI PROVINCIA NORD,COSTIERO,3,105,426,1731,159,33,426,78,13,48,727,77,146,995,4966,5011,45
Sant'Agata di Militello,083084,11950,MESSINA PROVINCIA,COSTIERO,0,383,644,1858,21,0,423,91,1,23,539,0,0,1523,5505,5511,6
Sant'Agata li Battiati,087045,9338,CATANIA AREA METROPOLITANA,INTERNO,213,117,901,1698,345,30,138,6,4,33,335,951,102,2345,7217,7217,0
Sant'Alessio Siculo,083085,1527,MESSINA AREA METROPOLITANA,COSTIERO,73,21,74,216,0,0,0,0,0,0,84,0,0,513,981,993,12
Sant'Alfio,087046,1518,CATANIA AREA METROPOLITANA,INTERNO,0,10,48,250,7,0,44,0,0,0,75,0,0,167,602,603,1
Sant'Angelo Muxaro,084039,1182,AGRIGENTO PROVINCIA EST,INTERNO,34,9,46,218,0,2,8,3,0,2,50,0,0,155,527,527,0
Sant'Angelo di Brolo,083088,2806,MESSINA PROVINCIA,INTERNO,6,31,97,282,0,0,72,6,0,6,105,0,0,326,930,932,2
Santa Caterina Villarmosa,085017,4785,CALTANISSETTA PROVINCIA NORD,INTERNO,0,63,161,535,0,0,106,3,0,2,185,0,0,400,1455,1455,0
Santa Cristina Gela,082066,990,PALERMO PROVINCIA OVEST,INTERNO,2,0,27,110,0,0,22,4,0,1,34,0,0,20,218,218,0
Santa Croce Camerina,088010,10912,RAGUSA PROVINCIA,COSTIERO,2,99,595,1540,205,87,474,26,2,19,513,0,474,1825,5860,6080,221
Santa Domenica Vittoria,083083,873,MESSINA PROVINCIA,INTERNO,24,15,22,0,0,0,0,0,0,0,30,0,0,230,321,321,0
Santa Elisabetta,084037,2172,AGRIGENTO PROVINCIA EST,INTERNO,56,14,83,350,0,4,19,4,0,6,80,0,0,233,850,850,0
Santa Flavia,082067,10999,PALERMO AREA METROPOLITANA,COSTIERO,0,151,370,1503,0,0,306,11,0,5,452,0,128,1183,4110,4110,0
Santa Lucia del Mela,083086,4428,MESSINA AREA METROPOLITANA,INTERNO,121,16,138,663,0,0,0,14,1,8,113,271,0,569,1912,1917,5
Santa Margherita di Belice,084038,6097,AGRIGENTO PROVINCIA OVEST,INTERNO,264,0,286,834,26,3,7,14,0,44,197,0,0,522,2196,2201,5
Santa Maria di Licodia,087047,7453,CATANIA AREA METROPOLITANA,INTERNO,10,18,256,740,0,0,240,4,1,9,144,132,40,838,2433,2433,0
Santa Marina Salina,083087,854,ISOLE EOLIE,ISOLE,0,9,50,0,12,8,25,8,0,0,100,0,0,400,611,628,17
Santa Ninfa,081019,4838,TRAPANI PROVINCIA SUD,INTERNO,233,14,287,617,38,16,44,0,1,55,160,0,0,278,1743,1747,3
Santa Teresa di Riva,083089,9337,MESSINA AREA METROPOLITANA,COSTIERO,416,65,550,1210,24,0,6,36,1,9,283,0,18,985,3603,3615,13
Santa Venerina,087048,8421,CATANIA PROVINCIA NORD,INTERNO,353,77,326,1346,130,0,17,11,1,7,244,0,0,1208,3721,3721,0
Santo Stefano Quisquina,084040,4159,AGRIGENTO PROVINCIA OVEST,INTERNO,2,17,151,427,21,0,67,25,1,8,141,288,0,519,1667,1725,57
Santo Stefano di Camastra,083091,4415,MESSINA PROVINCIA,COSTIERO,184,49,225,616,0,0,74,16,1,23,180,34,0,529,1930,1933,3
Saponara,083092,3704,MESSINA AREA METROPOLITANA,COSTIERO,0,37,225,536,43,13,140,8,1,10,113,0,0,213,1339,1344,5
Savoca,083093,1697,MESSINA AREA METROPOLITANA,INTERNO,48,13,51,174,0,0,0,0,0,0,54,0,0,273,612,612,0
Scaletta Zanclea,083094,1871,MESSINA AREA METROPOLITANA,COSTIERO,60,21,72,166,0,0,0,7,1,6,62,0,0,226,620,622,2
Sciacca,084041,39263,AGRIGENTO PROVINCIA OVEST,COSTIERO,9066,1100,1064,6733,1053,132,442,197,4,69,39,680,990,3658,25227,25285,59
Sciara,082068,2569,PALERMO PROVINCIA EST,INTERNO,1,24,69,341,0,6,73,12,0,2,50,0,0,168,746,746,0
Scicli,088011,26878,RAGUSA PROVINCIA,COSTIERO,7,52,1350,3385,102,135,968,62,4,27,1060,0,0,3579,10731,10743,12
Scillato,082081,614,PALERMO PROVINCIA EST,INTERNO,11,3,14,104,0,0,6,6,0,0,15,0,0,112,271,271,0
Sclafani Bagni,082069,387,PALERMO PROVINCIA EST,INTERNO,13,0,12,47,0,0,5,3,0,0,6,0,0,76,162,162,0
Scordia,087049,16211,CATANIA PROVINCIA SUD,INTERNO,551,235,634,2181,0,12,4,41,4,16,403,0,77,1554,5713,5714,1
Serradifalco,085018,5588,CALTANISSETTA PROVINCIA NORD,INTERNO,0,146,235,800,0,0,184,4,1,2,197,0,37,511,2115,2115,0
Siculiana,084042,4176,AGRIGENTO PROVINCIA EST,COSTIERO,208,13,209,678,72,0,44,35,6,37,147,0,0,632,2081,2087,6
Sinagra,083095,2498,MESSINA PROVINCIA,INTERNO,0,65,90,261,18,0,71,0,0,17,136,0,0,173,831,831,0
Siracusa,089017,117055,SIRACUSA PROVINCIA,COSTIERO,3915,388,5524,13226,479,61,119,293,138,441,3821,1126,897,29876,60303,60408,105
Solarino,089018,7578,SIRACUSA PROVINCIA,INTERNO,0,25,318,865,111,32,300,57,0,24,222,0,0,802,2755,2756,1
Sommatino,085019,6441,CALTANISSETTA PROVINCIA SUD,INTERNO,228,30,230,861,0,0,0,0,0,21,252,0,20,728,2372,2372,0
Sortino,089019,8298,SIRACUSA PROVINCIA,INTERNO,0,43,366,933,65,25,259,51,1,41,462,0,0,677,2922,2924,2
Spadafora,083096,4682,MESSINA AREA METROPOLITANA,COSTIERO,0,42,200,654,21,2,168,6,1,4,164,0,0,616,1877,1883,6
Sperlinga,086017,697,ENNA PROVINCIA,INTERNO,0,3,16,75,0,0,15,2,0,0,25,0,0,91,227,228,1
Sutera,085020,1209,CALTANISSETTA PROVINCIA NORD,INTERNO,0,16,28,159,0,0,50,0,0,1,45,0,0,77,376,376,0
Taormina,083097,10473,MESSINA AREA METROPOLITANA,COSTIERO,716,67,868,2866,0,0,0,5,1,0,1400,0,0,3072,8996,9019,23
Terme Vigliatore,083106,7216,MESSINA AREA METROPOLITANA,COSTIERO,281,23,372,1006,0,0,0,9,0,0,230,0,0,916,2836,2836,0
Termini Imerese,082070,25082,PALERMO PROVINCIA EST,COSTIERO,203,255,1072,2573,130,3,593,66,3,19,679,0,295,4659,10549,10552,3
Terrasini,082071,12706,PALERMO AREA METROPOLITANA,COSTIERO,44,85,643,2526,180,20,640,43,3,16,671,0,64,876,5810,5862,52
Torregrotta,083098,7268,MESSINA AREA METROPOLITANA,COSTIERO,215,72,374,1002,0,0,0,28,3,21,168,0,0,1153,3036,3043,8
Torrenova,083108,4484,MESSINA PROVINCIA,COSTIERO,16,39,336,617,0,0,220,0,0,0,185,0,0,298,1712,1712,0
Torretta,082072,4201,PALERMO AREA METROPOLITANA,COSTIERO,0,16,110,368,24,0,113,9,0,0,173,0,0,388,1201,1201,0
Tortorici,083099,5792,MESSINA PROVINCIA,INTERNO,2,11,130,238,0,0,108,11,0,17,200,0,0,625,1343,1356,12
Trabia,082073,10505,PALERMO PROVINCIA EST,COSTIERO,0,125,346,1263,207,14,292,48,2,10,326,0,8,1759,4400,4400,0
Trapani,081021,56293,TRAPANI PROVINCIA NORD,COSTIERO,10,333,3539,8946,813,89,2123,414,23,209,2553,175,0,10210,29436,29991,555
Trappeto,082074,3055,PALERMO AREA METROPOLITANA,COSTIERO,28,14,117,598,0,0,131,7,2,7,138,0,35,185,1262,1265,2
Trecastagni,087050,11230,CATANIA AREA METROPOLITANA,INTERNO,13,78,607,2108,62,17,468,15,1,0,337,16,38,1311,5071,5080,9
Tremestieri Etneo,087051,19851,CATANIA AREA METROPOLITANA,INTERNO,0,31,944,2685,54,0,577,4,0,23,495,0,258,1884,6956,6975,20
Tripi,083100,755,MESSINA PROVINCIA,INTERNO,27,15,21,156,0,0,0,0,0,0,25,0,0,80,324,324,0
Troina,086018,8642,ENNA PROVINCIA,INTERNO,0,50,437,939,55,0,308,14,1,18,299,0,0,502,2623,2623,0
Tusa,083101,2638,MESSINA PROVINCIA,COSTIERO,1,97,94,422,0,0,68,0,1,0,145,0,0,221,1050,1060,10
Ucria,083102,924,MESSINA PROVINCIA,INTERNO,0,7,20,134,0,0,22,3,0,3,41,0,0,94,325,327,2
Ustica,082075,1307,PALERMO AREA METROPOLITANA,ISOLE,0,12,51,156,0,12,47,29,0,0,107,0,0,170,583,583,0
Valderice,081022,11551,TRAPANI PROVINCIA NORD,COSTIERO,12,107,532,1984,168,29,488,115,8,58,461,70,84,827,4944,4967,23
Valdina,083103,1268,MESSINA AREA METROPOLITANA,COSTIERO,22,10,30,974,0,0,0,4,0,0,39,0,0,265,1343,1346,2
Valguarnera Caropepe,086019,7082,ENNA PROVINCIA,INTERNO,0,113,264,1307,0,0,203,13,2,3,216,0,0,671,2791,2832,40
Valledolmo,082076,3227,PALERMO PROVINCIA EST,INTERNO,53,6,135,528,8,1,66,9,1,0,79,0,0,241,1125,1129,4
Vallelunga Pratameno,085021,3164,CALTANISSETTA PROVINCIA NORD,INTERNO,0,56,108,338,0,0,78,13,1,1,122,20,0,275,1011,1013,2
Valverde,087052,7838,CATANIA AREA METROPOLITANA,INTERNO,11,114,344,868,110,0,263,31,1,20,215,136,117,995,3224,3498,274
Venetico,083104,3918,MESSINA AREA METROPOLITANA,COSTIERO,119,15,205,471,0,0,29,3,1,0,114,0,0,542,1499,1528,29
Ventimiglia di Sicilia,082077,1851,PALERMO PROVINCIA EST,INTERNO,0,9,64,324,0,0,58,3,0,7,60,0,0,170,694,695,0
Viagrande,087053,8789,CATANIA AREA METROPOLITANA,INTERNO,4,42,430,1683,105,10,364,36,2,14,316,118,22,959,4104,4611,507
Vicari,082078,2461,PALERMO PROVINCIA OVEST,INTERNO,0,79,38,211,0,0,40,0,0,0,49,0,0,370,787,787,0
Villabate,082079,19731,PALERMO AREA METROPOLITANA,INTERNO,21,26,650,2116,153,35,448,10,5,19,272,0,27,2398,6179,6180,1
Villafranca Sicula,084043,1345,AGRIGENTO PROVINCIA OVEST,INTERNO,55,0,45,167,31,7,23,19,6,23,43,0,0,65,482,483,1
Villafranca Tirrena,083105,8148,MESSINA AREA METROPOLITANA,COSTIERO,0,63,511,1188,65,0,285,19,6,54,289,130,68,964,3642,3732,90
Villafrati,082080,3083,PALERMO PROVINCIA EST,INTERNO,0,9,94,383,0,0,84,3,0,2,80,0,0,319,975,975,0
Villalba,085022,1446,CALTANISSETTA PROVINCIA NORD,INTERNO,0,62,33,237,0,0,26,0,1,0,42,0,0,174,574,574,0
Villarosa,086020,4450,ENNA PROVINCIA,INTERNO,0,17,116,361,0,0,91,7,0,3,102,0,0,719,1416,1416,0
Vita,081023,1822,TRAPANI PROVINCIA SUD,INTERNO,58,8,56,223,4,6,6,1,1,5,42,0,0,105,515,518,4
Vittoria,088012,62533,RAGUSA PROVINCIA,COSTIERO,2239,185,2983,7565,258,15,163,96,1,13,1701,60,446,8542,24266,24564,298
Vizzini,087054,5747,CATANIA PROVINCIA SUD,INTERNO,167,22,182,634,0,0,0,7,1,12,196,0,68,692,1983,1983,0
Zafferana Etnea,087055,9383,CATANIA AREA METROPOLITANA,INTERNO,0,33,375,1243,78,0,327,4,1,0,306,0,0,1183,3550,3550,0
